INSERT INTO country(id, name) VALUES('2D1EBC5B7D2741979CF0E84451C5BBB1', 'Brazil');
INSERT INTO country(id, name) VALUES('2D1EBC5B7D2741979CF0E84451C5BBB2', 'Spain');
INSERT INTO country(id, name) VALUES('2D1EBC5B7D2741979CF0E84451C5BBB3', 'Germany');
INSERT INTO country(id, name) VALUES('2D1EBC5B7D2741979CF0E84451C5BBB4', 'Argentina');
INSERT INTO country(id, name) VALUES('2D1EBC5B7D2741979CF0E84451C5BBB5', 'Portugal');
INSERT INTO country(id, name) VALUES('2D1EBC5B7D2741979CF0E84451C5BBB6', 'Japan');
INSERT INTO country(id, name) VALUES('2D1EBC5B7D2741979CF0E84451C5BBB7', 'United States');
INSERT INTO country(id, name) VALUES('2D1EBC5B7D2741979CF0E84451C5BBB8', 'Poland');
INSERT INTO country(id, name) VALUES('2D1EBC5B7D2741979CF0E84451C5BBB9', 'Canada');
INSERT INTO country(id, name) VALUES('2D1EBC5B7D2741979CF0E84451C5BBB0', 'Mexico');
INSERT INTO country(id, name) VALUES('1D1EBC5B7D2741979CF0E84451C5BBB0', 'France');
INSERT INTO country(id, name) VALUES('1D1EBC5B7D2741979CF0E84451C5BBB1', 'Finland');
INSERT INTO country(id, name) VALUES('1D1EBC5B7D2741979CF0E84451C5BBB2', 'Panama');
INSERT INTO country(id, name) VALUES('1D1EBC5B7D2741979CF0E84451C5BBB3', 'Russia');
INSERT INTO country(id, name) VALUES('1D1EBC5B7D2741979CF0E84451C5BBB4', 'England');
INSERT INTO country(id, name) VALUES('1D1EBC5B7D2741979CF0E84451C5BBB5', 'China');
INSERT INTO country(id, name) VALUES('1D1EBC5B7D2741979CF0E84451C5BBB6', 'Australia');
INSERT INTO country(id, name) VALUES('1D1EBC5B7D2741979CF0E84451C5BBB7', 'Austria');

INSERT INTO company(id, name, country_id) VALUES('2D1EBC5B7D2741979CF0E84451C5BBB1', 'Nintendo', '2D1EBC5B7D2741979CF0E84451C5BBB6');
INSERT INTO company(id, name, country_id) VALUES('2D1EBC5B7D2741979CF0E84451C5BBB2', 'Sega', '2D1EBC5B7D2741979CF0E84451C5BBB6');
INSERT INTO company(id, name, country_id) VALUES('2D1EBC5B7D2741979CF0E84451C5BBB3', 'Konami', '2D1EBC5B7D2741979CF0E84451C5BBB6');
INSERT INTO company(id, name, country_id) VALUES('2D1EBC5B7D2741979CF0E84451C5BBB4', 'CD Project Red', '2D1EBC5B7D2741979CF0E84451C5BBB8');
INSERT INTO company(id, name, country_id) VALUES('2D1EBC5B7D2741979CF0E84451C5BBB5', 'Sony', '2D1EBC5B7D2741979CF0E84451C5BBB6');
INSERT INTO company(id, name, country_id) VALUES('2D1EBC5B7D2741979CF0E84451C5BBB6', 'Blizzard', '2D1EBC5B7D2741979CF0E84451C5BBB7');
INSERT INTO company(id, name, country_id) VALUES('2D1EBC5B7D2741979CF0E84451C5BBB7', 'Santa Monica Studio', '2D1EBC5B7D2741979CF0E84451C5BBB7');

INSERT INTO console(id, name, year, company_id) VALUES('2D1EBC5B7D2741979CF0E84451C5BBB2', 'Nintendo (Famicom)', '1985', '2D1EBC5B7D2741979CF0E84451C5BBB1');
INSERT INTO console(id, name, year, company_id) VALUES('2D1EBC5B7D2741979CF0E84451C5BBB1', 'Super Nintendo (Super NES)', '1990', '2D1EBC5B7D2741979CF0E84451C5BBB1');
INSERT INTO console(id, name, year, company_id) VALUES('2D1EBC5B7D2741979CF0E84451C5BBB3', 'Nintendo 64', '1996', '2D1EBC5B7D2741979CF0E84451C5BBB1');
INSERT INTO console(id, name, year, company_id) VALUES('2D1EBC5B7D2741979CF0E84451C5BBB4', 'Game Cube', '2001', '2D1EBC5B7D2741979CF0E84451C5BBB1');
INSERT INTO console(id, name, year, company_id) VALUES('2D1EBC5B7D2741979CF0E84451C5BBB5', 'Wii', '2006', '2D1EBC5B7D2741979CF0E84451C5BBB1');
INSERT INTO console(id, name, year, company_id) VALUES('2D1EBC5B7D2741979CF0E84451C5BBB6', 'Wii U', '2012', '2D1EBC5B7D2741979CF0E84451C5BBB1');
INSERT INTO console(id, name, year, company_id) VALUES('2D1EBC5B7D2741979CF0E84451C5BBB7', 'Nintendo Switch', '2017', '2D1EBC5B7D2741979CF0E84451C5BBB1');
INSERT INTO console(id, name, year, company_id) VALUES('2D1EBC5B7D2741979CF0E84451C5BBB8', 'Play Station', '1994', '2D1EBC5B7D2741979CF0E84451C5BBB5');
INSERT INTO console(id, name, year, company_id) VALUES('2D1EBC5B7D2741979CF0E84451C5BBB9', 'Play Station 2', '2000', '2D1EBC5B7D2741979CF0E84451C5BBB5');
INSERT INTO console(id, name, year, company_id) VALUES('3D1EBC5B7D2741979CF0E84451C5BBB1', 'Play Station 3', '2006', '2D1EBC5B7D2741979CF0E84451C5BBB5');
INSERT INTO console(id, name, year, company_id) VALUES('3D1EBC5B7D2741979CF0E84451C5BBB2', 'Play Station 4', '2013', '2D1EBC5B7D2741979CF0E84451C5BBB5');
INSERT INTO console(id, name, year, company_id) VALUES('3D1EBC5B7D2741979CF0E84451C5BBB3', 'Play Station 5', '2020', '2D1EBC5B7D2741979CF0E84451C5BBB5');

INSERT INTO game(id, name, year, company_id, console_id) VALUES('2D1EBC5B7D2741979CF0E84451C5BBB1', 'Super Mario World', '1990', '2D1EBC5B7D2741979CF0E84451C5BBB1', '2D1EBC5B7D2741979CF0E84451C5BBB1');
INSERT INTO game(id, name, year, company_id, console_id) VALUES('2D1EBC5B7D2741979CF0E84451C5BBB2', 'God Of War', '2018', '2D1EBC5B7D2741979CF0E84451C5BBB7', '3D1EBC5B7D2741979CF0E84451C5BBB2');